Date,"Cliff Clinkscales","Johnson Creek (Willamette River)","The Good Terrorist","USS Constellation vs L'Insurgente","Olympic marmot","Kedok Ketawa","Bobby Peel","Marvel Science Stories","Epsilon Eridani"
2015-07-01,4,15,49,22,53,10,12,13,181
2015-07-02,4,21,35,21,36,9,10,11,178
2015-07-03,1,18,22,20,39,14,10,10,135
2015-07-04,6,15,22,22,55,11,11,11,145
2015-07-05,7,31,25,57,55,12,14,27,149
2015-07-06,12,23,41,23,45,17,12,27,157
2015-07-07,9,21,35,44,60,17,22,17,160
2015-07-08,7,20,37,33,61,12,21,17,191
2015-07-09,8,19,42,30,65,9,15,10,150
2015-07-10,7,21,22,33,71,13,21,21,185
2015-07-11,5,14,29,26,54,8,17,14,151
2015-07-12,8,13,24,33,47,8,15,22,161
2015-07-13,10,7,46,29,51,5,7,4,200
2015-07-14,7,17,38,31,59,13,16,20,350
2015-07-15,7,14,36,30,61,10,12,11,334
2015-07-16,5,11,31,28,58,8,23,15,252
2015-07-17,5,15,27,20,38,11,19,11,237
2015-07-18,6,18,16,23,70,17,17,14,259
2015-07-19,5,17,52,16,70,4,9,10,211
2015-07-20,10,22,36,18,67,6,15,13,233
2015-07-21,9,15,36,17,74,11,10,14,251
2015-07-22,4,16,29,23,66,7,8,15,244
2015-07-23,3,16,30,39,52,10,19,14,368
2015-07-24,12,25,42,41,75,26,15,26,479
2015-07-25,12,15,21,23,51,13,14,13,281
2015-07-26,6,17,41,13,47,15,12,9,270
2015-07-27,7,27,27,29,86,11,16,14,312
2015-07-28,6,17,36,21,62,11,19,11,288
2015-07-29,9,22,43,31,73,18,27,19,229
2015-07-30,5,14,47,30,67,8,19,16,210
2015-07-31,7,22,39,29,82,22,37,18,250
2015-08-01,6,35,17,30,69,15,24,23,199
2015-08-02,11,29,32,28,93,19,22,14,210
2015-08-03,4,27,47,35,118,29,25,24,200
2015-08-04,3,22,32,32,73,14,23,22,192
2015-08-05,3,19,36,19,56,7,12,14,186
2015-08-06,5,22,34,16,75,13,37,11,201
2015-08-07,3,10,42,20,72,12,25,14,143
2015-08-08,1,24,30,23,62,12,21,18,141
2015-08-09,1,21,39,24,92,7,34,13,168
2015-08-10,6,44,31,23,97,13,15,14,175
2015-08-11,2,22,49,33,85,10,22,15,220
2015-08-12,6,19,61,31,61,10,52,11,182
2015-08-13,4,26,40,20,68,11,13,11,295
2015-08-14,5,23,21,24,72,12,88,15,458
2015-08-15,5,24,29,18,55,11,32,13,335
2015-08-16,4,20,37,24,80,15,34,19,215
2015-08-17,7,19,53,19,90,11,19,10,293
2015-08-18,3,20,43,24,57,7,16,12,260
2015-08-19,3,18,62,19,59,13,25,17,196
2015-08-20,5,24,28,24,44,11,27,12,171
2015-08-21,1,23,271,36,58,14,26,19,157
2015-08-22,5,15,112,25,51,8,25,9,166
2015-08-23,4,26,77,32,62,7,17,9,205
2015-08-24,6,27,68,37,55,12,26,9,178
2015-08-25,5,19,60,43,68,15,24,17,179
2015-08-26,16,14,47,40,60,10,12,16,171
2015-08-27,5,17,31,29,66,10,17,14,155
2015-08-28,9,18,17,27,253,12,12,18,191
2015-08-29,3,20,27,21,99,16,25,25,182
2015-08-30,2,8,34,25,75,2,14,5,151
2015-08-31,1,19,37,24,88,10,17,13,180
2015-09-01,5,28,42,31,82,15,22,27,152
2015-09-02,7,19,26,30,76,14,17,9,154
2015-09-03,8,8,38,19,49,17,17,15,185
2015-09-04,6,24,39,29,71,12,23,20,193
2015-09-05,1,18,38,24,53,11,14,17,157
2015-09-06,3,23,32,34,65,20,21,15,221
2015-09-07,5,20,43,36,76,12,24,18,248
2015-09-08,5,20,54,33,100,12,31,25,164
2015-09-09,4,23,51,33,67,14,27,16,178
2015-09-10,8,25,42,28,61,11,26,13,194
2015-09-11,6,57,49,81,111,71,64,63,247
2015-09-12,8,30,41,24,50,9,16,9,154
2015-09-13,5,17,47,27,50,10,12,7,184
2015-09-14,3,55,42,31,59,10,15,14,212
2015-09-15,2,33,55,38,54,11,25,12,181
2015-09-16,2,20,32,29,52,17,16,16,141
2015-09-17,5,23,36,31,49,11,18,17,185
2015-09-18,1,10,22,19,50,9,9,7,130
2015-09-19,3,16,23,23,50,9,18,13,106
2015-09-20,5,11,41,19,59,9,14,9,134
2015-09-21,2,18,36,22,41,7,9,7,180
2015-09-22,12,27,37,23,58,14,15,24,171
2015-09-23,3,18,31,41,52,12,21,18,163
2015-09-24,30,21,36,25,42,8,16,10,127
2015-09-25,11,18,28,26,46,10,12,18,165
2015-09-26,5,12,35,19,38,13,18,8,129
2015-09-27,5,10,51,19,51,10,30,11,146
2015-09-28,5,23,78,34,68,10,29,8,167
2015-09-29,3,16,52,19,68,11,17,16,157
2015-09-30,9,20,45,21,34,10,18,22,170
2015-10-01,5,26,34,41,49,18,20,20,159
2015-10-02,3,18,30,27,43,7,15,16,162
2015-10-03,3,18,33,30,50,25,21,24,165
2015-10-04,11,12,33,25,31,8,14,25,134
2015-10-05,4,27,35,27,59,7,24,22,148
2015-10-06,10,22,89,33,56,11,17,19,223
2015-10-07,9,18,117,35,56,12,22,23,197
2015-10-08,32,16,134,25,54,18,18,16,203
2015-10-09,3,23,80,34,50,13,17,14,157
2015-10-10,1,17,46,27,32,7,12,32,160
2015-10-11,1,11,39,19,59,9,10,10,169
2015-10-12,8,22,48,36,47,12,14,22,213
2015-10-13,3,18,63,42,54,14,20,19,187
2015-10-14,3,24,46,41,61,14,17,21,218
2015-10-15,21,26,44,52,42,13,25,11,247
2015-10-16,5,13,53,38,45,4,15,8,189
2015-10-17,2,10,46,28,34,8,18,9,163
2015-10-18,3,18,41,33,55,8,21,12,177
2015-10-19,3,20,46,29,56,10,12,14,200
2015-10-20,48,15,49,32,54,9,10,14,225
2015-10-21,17,18,48,33,52,13,15,12,223
2015-10-22,17,18,84,31,39,24,18,16,260
2015-10-23,10,27,41,44,62,17,22,19,193
2015-10-24,9,12,42,25,58,7,18,7,160
2015-10-25,5,15,42,25,40,11,11,34,169
2015-10-26,4,26,60,31,61,13,18,24,185
2015-10-27,10,14,47,37,47,10,17,12,196
2015-10-28,6,27,47,44,65,16,11,18,218
2015-10-29,11,16,44,33,68,20,20,23,206
2015-10-30,14,24,38,44,52,18,29,17,197
2015-10-31,3,16,39,40,45,10,10,15,172
2015-11-01,10,21,34,33,39,15,21,18,243
2015-11-02,7,26,48,37,45,9,7,15,205
2015-11-03,7,15,60,32,49,7,10,12,245
2015-11-04,5,17,47,43,50,13,18,24,232
2015-11-05,8,16,58,35,47,14,9,12,235
2015-11-06,11,11,31,51,45,9,17,13,182
2015-11-07,10,22,27,30,39,13,21,17,161
2015-11-08,4,11,36,26,28,7,13,14,188
2015-11-09,6,15,52,18,28,7,13,4,213
2015-11-10,7,13,37,27,39,5,17,15,361
2015-11-11,11,17,49,28,46,7,9,12,249
2015-11-12,7,32,55,40,50,18,31,17,263
2015-11-13,8,25,55,23,38,10,14,9,258
2015-11-14,15,12,80,27,34,7,11,11,174
2015-11-15,5,28,75,31,51,11,18,16,170
2015-11-16,12,25,66,38,64,21,24,21,199
2015-11-17,28,21,77,36,46,9,12,22,198
2015-11-18,7,17,69,31,53,11,9,13,209
2015-11-19,14,16,71,21,57,8,11,12,203
2015-11-20,4,14,61,40,43,13,12,12,191
2015-11-21,10,10,57,29,36,6,9,21,133
2015-11-22,4,17,50,17,46,7,13,17,194
2015-11-23,10,20,79,26,43,9,10,15,173
2015-11-24,3,16,56,28,52,12,14,16,245
2015-11-25,6,14,71,28,42,9,13,15,182
2015-11-26,7,7,65,31,44,9,20,15,136
2015-11-27,6,13,60,19,42,12,19,15,146
2015-11-28,9,6,58,19,58,6,10,6,166
2015-11-29,12,19,50,22,48,8,14,11,174
2015-11-30,7,9,61,37,50,5,6,8,178
2015-12-01,70,23,51,38,50,12,18,9,259
2015-12-02,15,15,68,27,55,12,11,11,265
2015-12-03,13,11,95,32,56,6,5,7,240
2015-12-04,8,14,59,39,59,15,20,11,169
2015-12-05,10,16,36,37,54,12,15,13,174
2015-12-06,9,18,41,19,44,5,11,8,187
2015-12-07,12,659,70,30,72,7,24,8,220
2015-12-08,17,624,75,34,57,9,8,7,235
2015-12-09,11,391,50,42,56,16,16,10,220
2015-12-10,10,107,56,29,52,11,11,10,183
2015-12-11,6,56,66,37,60,12,18,10,222
2015-12-12,10,42,42,33,49,13,16,14,148
2015-12-13,8,28,59,25,59,6,11,6,169
2015-12-14,7,38,35,32,49,6,10,9,410
2015-12-15,13,20,54,32,38,9,13,15,273
2015-12-16,26,27,49,28,50,8,9,20,414
2015-12-17,10,41,38,17,37,7,11,12,303
2015-12-18,2,59,32,23,31,6,11,7,264
2015-12-19,11,34,43,25,76,6,8,12,205
2015-12-20,19,15,48,16,38,5,12,5,191
2015-12-21,12,14,56,18,32,4,5,5,175
2015-12-22,6,24,53,16,42,6,9,10,161
2015-12-23,14,10,44,27,28,7,11,7,201
2015-12-24,7,11,38,26,30,6,8,7,159
2015-12-25,8,12,27,15,22,6,8,4,314
2015-12-26,16,12,32,25,29,6,9,8,166
2015-12-27,24,11,33,20,36,8,8,10,145
2015-12-28,19,11,85,25,34,3,10,8,199
2015-12-29,91,20,44,29,36,10,21,13,185
2015-12-30,11,14,48,25,166,9,9,13,192
2015-12-31,7,8,28,30,39,7,12,8,162
2016-01-01,14,17,22,23,30,10,22,14,158
2016-01-02,14,20,38,21,35,4,15,11,187
2016-01-03,30,13,50,21,51,7,17,13,174
2016-01-04,24,21,47,33,48,11,22,12,247
2016-01-05,20,14,37,25,54,6,15,7,256
2016-01-06,5,14,58,33,43,9,13,13,254
2016-01-07,11,11,39,16,48,9,13,7,232
2016-01-08,21,18,51,25,60,9,12,15,217
2016-01-09,8,11,40,23,47,5,13,11,187
2016-01-10,6,27,48,28,47,6,13,14,285
2016-01-11,8,14,54,40,43,7,12,11,228
2016-01-12,4,14,37,32,51,5,10,12,234
2016-01-13,5,23,45,34,33,5,9,5,263
2016-01-14,7,17,77,30,40,6,13,10,237
2016-01-15,8,17,37,46,38,12,9,11,241
2016-01-16,6,18,33,26,40,10,14,7,151
2016-01-17,9,8,49,18,41,6,5,5,174
2016-01-18,12,18,44,35,61,11,14,14,218
2016-01-19,8,11,53,28,39,9,5,10,217
2016-01-20,10,12,52,29,57,11,11,9,219
2016-01-21,6,16,30,30,58,17,18,14,303
2016-01-22,9,12,39,40,49,10,13,12,258
2016-01-23,16,15,60,24,49,14,14,13,190
2016-01-24,13,12,38,29,43,7,12,20,239
2016-01-25,11,17,35,25,43,10,18,9,247
2016-01-26,9,24,39,26,54,4,3,5,318
2016-01-27,4,11,28,36,48,2,5,11,242
2016-01-28,9,20,49,31,59,8,14,10,249
2016-01-29,14,15,29,19,35,4,13,7,224
2016-01-30,4,18,37,40,59,14,10,11,200
2016-01-31,6,17,31,26,48,3,10,6,194
2016-02-01,8,12,74,46,74,4,11,8,240
2016-02-02,11,10,122,39,146,7,13,16,211
2016-02-03,11,17,81,21,101,5,9,10,213
2016-02-04,2,13,105,27,41,5,15,5,203
2016-02-05,9,20,69,42,52,12,13,16,186
2016-02-06,10,20,49,26,46,9,11,14,190
2016-02-07,9,23,51,20,43,7,10,13,172
2016-02-08,11,21,50,33,104,8,13,10,197
2016-02-09,15,26,52,120,68,8,13,11,251
2016-02-10,3,23,100,75,57,11,17,20,198
2016-02-11,7,18,59,28,36,9,23,15,227
2016-02-12,8,18,37,41,52,15,52,14,198
2016-02-13,13,13,42,31,42,10,16,12,155
2016-02-14,9,16,38,33,49,150,15,10,236
2016-02-15,6,29,62,67,58,14,19,19,231
2016-02-16,7,21,81,38,40,7,11,11,236
2016-02-17,4,17,53,33,58,6,15,13,242
2016-02-18,11,22,64,30,52,5,9,14,211
2016-02-19,8,17,62,29,60,8,15,16,169
2016-02-20,10,20,37,25,40,7,9,12,187
2016-02-21,12,19,42,32,65,4,7,9,236
2016-02-22,8,23,49,22,47,3,15,6,216
2016-02-23,9,17,30,38,59,6,16,13,213
2016-02-24,7,13,38,35,51,1,9,14,214
2016-02-25,8,21,38,46,60,8,14,11,216
2016-02-26,3,27,46,33,50,10,17,13,199
2016-02-27,14,17,22,34,42,8,11,13,197
2016-02-28,4,14,44,34,48,10,13,17,252
2016-02-29,7,26,31,28,51,7,14,19,259
2016-03-01,3,28,60,25,56,4,8,6,189
2016-03-02,5,22,38,19,45,9,11,10,190
2016-03-03,7,21,52,29,58,3,15,9,265
2016-03-04,5,25,28,25,43,5,12,11,172
2016-03-05,6,21,35,27,48,13,12,18,171
2016-03-06,6,15,61,46,62,8,10,11,200
2016-03-07,7,28,72,33,55,7,12,10,216
2016-03-08,10,19,78,29,67,9,17,5,209
2016-03-09,8,14,64,33,58,10,15,12,189
2016-03-10,5,10,44,34,58,7,9,8,187
2016-03-11,5,12,35,44,54,7,5,9,183
2016-03-12,6,29,24,23,49,10,15,14,158
2016-03-13,11,15,38,23,46,7,11,10,209
2016-03-14,6,21,52,20,54,5,7,14,214
2016-03-15,4,18,51,34,50,13,17,18,258
2016-03-16,8,14,53,30,47,5,13,8,221
2016-03-17,6,18,47,20,47,7,8,13,217
2016-03-18,3,15,44,27,56,6,13,11,151
2016-03-19,6,12,69,19,59,7,10,9,160
2016-03-20,3,10,82,27,40,2,1,7,178
2016-03-21,9,21,64,28,52,7,9,15,194
2016-03-22,1,15,43,35,56,4,7,5,207
2016-03-23,4,16,43,34,41,7,11,8,174
2016-03-24,5,18,42,27,42,4,6,6,142
2016-03-25,17,6,46,28,39,8,8,4,224
2016-03-26,4,13,32,30,46,8,10,15,229
2016-03-27,10,13,51,55,53,8,7,11,147
2016-03-28,11,16,62,33,41,9,9,11,186
2016-03-29,8,8,39,32,48,4,11,10,190
2016-03-30,3,16,52,32,53,9,11,16,180
2016-03-31,6,21,36,30,48,11,13,13,219
2016-04-01,11,16,41,24,40,11,14,8,170
2016-04-02,8,19,30,38,56,8,11,12,145
2016-04-03,8,28,46,21,48,9,12,11,186
2016-04-04,4,19,63,22,60,8,22,18,203
2016-04-05,8,18,70,26,50,7,10,15,188
2016-04-06,8,26,60,38,58,15,16,14,234
2016-04-07,7,27,46,26,51,4,9,9,197
2016-04-08,2,17,29,21,54,11,7,8,200
2016-04-09,5,24,47,29,47,14,17,17,137
2016-04-10,9,33,83,30,45,13,15,24,174
2016-04-11,2,19,62,30,45,6,17,13,175
2016-04-12,10,28,42,47,46,11,12,13,257
2016-04-13,5,27,41,25,50,6,13,15,350
2016-04-14,9,36,50,31,55,13,17,18,309
2016-04-15,8,21,40,30,56,8,10,74,213
2016-04-16,7,16,42,25,53,6,9,16,221
2016-04-17,10,21,43,24,60,10,8,23,226
2016-04-18,10,25,42,27,55,5,6,13,260
2016-04-19,8,29,60,34,55,9,15,16,349
2016-04-20,4,16,55,29,58,6,16,12,272
2016-04-21,6,16,43,37,48,8,10,11,231
2016-04-22,4,23,58,27,50,17,17,15,193
2016-04-23,6,29,40,31,39,7,9,11,165
2016-04-24,8,20,35,30,58,11,11,13,209
2016-04-25,9,19,53,27,70,7,7,5,196
2016-04-26,10,14,43,32,65,7,18,17,184
2016-04-27,3,25,50,39,51,10,13,17,174
2016-04-28,3,18,158,43,66,5,21,8,203
2016-04-29,5,18,51,27,60,6,11,11,203
2016-04-30,6,15,49,24,60,4,10,14,155
2016-05-01,8,22,38,20,62,9,10,10,209
2016-05-02,5,26,45,27,56,7,16,20,218
2016-05-03,6,21,42,34,57,9,10,12,232
2016-05-04,3,30,38,41,64,15,17,12,222
2016-05-05,12,18,40,39,77,10,10,12,250
2016-05-06,13,32,46,30,50,8,11,13,261
2016-05-07,16,17,32,42,47,10,8,11,169
2016-05-08,10,16,66,25,61,5,13,11,201
2016-05-09,9,24,33,35,73,11,17,11,317
2016-05-10,14,17,40,31,76,9,15,14,294
2016-05-11,3,22,36,36,75,11,29,17,286
2016-05-12,5,22,36,38,58,10,13,13,263
2016-05-13,1,9,46,29,67,9,9,10,255
2016-05-14,5,15,28,23,50,9,13,13,188
2016-05-15,9,16,46,25,65,9,15,11,206
2016-05-16,6,8,53,30,77,3,11,4,179
2016-05-17,3,19,44,26,69,8,14,14,219
2016-05-18,8,9,38,17,89,7,18,16,229
2016-05-19,3,22,29,28,77,9,15,19,216
2016-05-20,7,12,37,26,55,7,11,8,177
2016-05-21,4,30,47,40,64,13,24,18,161
2016-05-22,11,12,40,22,58,3,6,13,162
2016-05-23,10,22,31,31,67,13,18,15,288
2016-05-24,8,14,51,27,57,11,14,13,207
2016-05-25,5,23,39,32,67,11,17,15,222
2016-05-26,7,21,48,29,83,13,14,20,169
2016-05-27,5,13,39,28,50,7,11,14,206
2016-05-28,8,22,28,36,56,6,16,21,123
2016-05-29,4,14,40,26,55,9,8,14,183
2016-05-30,2,28,34,37,79,14,22,22,169
2016-05-31,3,28,54,38,85,8,13,15,192
2016-06-01,7,11,38,24,66,8,12,9,195
2016-06-02,9,22,60,38,59,14,19,18,192
2016-06-03,13,14,46,49,56,9,15,13,181
2016-06-04,11,17,27,19,51,8,13,16,189
2016-06-05,3,29,50,28,59,10,22,13,164
2016-06-06,7,28,182,21,61,6,15,13,162
2016-06-07,6,29,98,23,72,8,20,11,180
2016-06-08,119,13,122,39,75,3,10,12,185
2016-06-09,9,18,113,28,72,6,12,7,167
2016-06-10,11,11,103,29,44,4,10,6,154
2016-06-11,7,15,106,19,50,5,11,8,307
2016-06-12,14,15,108,21,62,4,16,10,222
2016-06-13,20,23,129,33,61,17,20,22,168
2016-06-14,60,20,122,35,64,14,15,19,155
2016-06-15,24,19,132,43,62,13,13,16,154
2016-06-16,11,23,128,35,60,13,17,14,171
2016-06-17,9,20,118,29,66,7,18,15,175
2016-06-18,10,22,110,32,112,13,14,15,137
2016-06-19,8,25,122,24,80,13,14,18,160
2016-06-20,24,11,103,22,69,9,12,14,164
2016-06-21,9,22,145,33,73,11,12,14,202
2016-06-22,11,16,109,23,47,3,6,11,160
2016-06-23,8,11,115,20,65,4,20,10,143
2016-06-24,11,10,100,27,57,8,7,12,146
2016-06-25,5,10,101,18,56,8,10,15,155
2016-06-26,5,12,99,21,69,5,11,11,144
2016-06-27,4,21,124,26,76,12,11,17,177
2016-06-28,6,9,117,12,62,5,10,14,163
2016-06-29,8,20,142,28,80,10,17,15,162
2016-06-30,4,11,114,26,59,9,15,7,144
2016-07-01,14,20,109,17,57,6,9,7,149
2016-07-02,2,16,115,23,64,6,10,12,136
2016-07-03,4,20,93,23,70,7,11,12,166
2016-07-04,4,24,114,29,68,14,15,13,177
2016-07-05,8,8,109,27,55,4,11,16,263
2016-07-06,5,11,99,183,72,13,16,11,191
2016-07-07,8,14,97,325,65,5,11,12,182
2016-07-08,8,18,100,23,58,5,18,17,316
2016-07-09,6,17,92,19,91,11,13,11,169
2016-07-10,11,13,37,19,66,9,10,10,235
2016-07-11,9,26,47,21,75,10,20,17,195
2016-07-12,10,15,50,27,76,12,16,17,218
2016-07-13,11,14,39,15,63,11,8,10,145
2016-07-14,10,20,43,25,61,6,10,11,253
2016-07-15,11,14,59,31,77,8,13,9,117
2016-07-16,6,16,31,24,67,3,7,7,121
2016-07-17,8,21,55,24,77,12,15,13,189
2016-07-18,12,17,36,27,55,8,16,12,144
2016-07-19,1,19,40,17,54,13,11,14,201
2016-07-20,11,17,33,16,53,5,11,8,174
2016-07-21,6,14,40,19,43,9,7,11,161
2016-07-22,6,14,47,27,59,7,14,17,190
2016-07-23,10,11,36,21,60,6,11,15,157
2016-07-24,7,15,43,29,65,9,22,11,148
2016-07-25,10,18,50,32,77,9,18,16,180
2016-07-26,7,20,51,28,81,14,16,16,222
2016-07-27,7,18,61,21,71,6,8,9,167
2016-07-28,6,14,37,34,53,8,11,9,212
2016-07-29,4,37,37,40,49,15,20,21,181
2016-07-30,11,14,33,23,66,8,12,13,161
2016-07-31,4,17,61,40,79,10,12,13,158
2016-08-01,7,17,38,40,73,6,10,14,168
2016-08-02,6,16,46,34,69,12,16,13,201
2016-08-03,8,28,49,28,69,11,53,15,340
2016-08-04,6,15,46,39,50,5,10,6,189
2016-08-05,2,24,44,40,52,11,27,11,195
2016-08-06,4,11,42,20,71,11,15,12,152
2016-08-07,4,12,39,22,64,8,7,14,153
2016-08-08,7,8,42,18,58,5,8,14,178
2016-08-09,6,21,57,32,54,8,15,9,168
2016-08-10,8,11,40,26,63,6,14,11,186
2016-08-11,8,13,54,27,66,9,7,8,203
2016-08-12,6,13,26,28,52,7,29,12,172
2016-08-13,5,18,48,19,63,3,11,14,176
2016-08-14,6,13,49,51,92,8,14,12,256
2016-08-15,8,19,44,17,73,7,16,10,183
2016-08-16,15,16,58,27,61,6,13,13,235
2016-08-17,11,9,59,24,65,5,7,12,164
2016-08-18,4,12,47,30,62,14,21,16,177
2016-08-19,8,11,43,23,40,7,8,12,173
2016-08-20,4,26,43,15,56,9,14,13,198
2016-08-21,5,18,385,23,89,14,26,18,171
2016-08-22,15,17,494,20,68,10,17,11,178
2016-08-23,8,17,689,21,98,10,26,16,226
2016-08-24,13,16,797,20,105,8,14,12,376
2016-08-25,4,10,700,30,71,9,13,15,519
2016-08-26,9,25,674,36,64,11,11,12,343
2016-08-27,4,21,865,25,63,10,17,10,241
2016-08-28,5,20,203,15,79,9,13,12,278
2016-08-29,6,19,122,35,87,12,24,18,300
2016-08-30,7,23,99,22,78,9,15,19,311
2016-08-31,4,32,102,25,51,6,10,13,247
2016-09-01,8,23,73,35,62,11,19,15,192
2016-09-02,5,16,92,35,62,12,29,20,191
2016-09-03,3,17,63,27,39,7,10,16,187
2016-09-04,7,15,71,27,55,5,8,3,165
2016-09-05,2,24,75,27,83,12,16,12,210
2016-09-06,5,17,58,26,80,10,11,13,174
2016-09-07,4,11,57,34,81,4,8,10,197
2016-09-08,6,19,55,28,59,7,10,16,208
2016-09-09,6,22,65,29,47,10,15,21,213
2016-09-10,2,21,51,29,51,7,11,17,154
2016-09-11,3,16,45,23,44,5,5,13,146
2016-09-12,4,20,65,26,60,12,13,21,160
2016-09-13,4,26,60,46,64,14,15,19,199
2016-09-14,4,15,42,30,66,8,9,16,172
2016-09-15,8,16,62,28,51,6,13,16,193
2016-09-16,2,14,46,23,70,9,13,18,162
2016-09-17,78,12,54,18,61,9,8,10,129
2016-09-18,131,27,71,28,74,11,14,14,144
2016-09-19,4,6,51,31,91,8,12,19,186
2016-09-20,3,17,43,32,60,6,8,11,176
2016-09-21,9,16,50,25,49,10,11,7,140
2016-09-22,13,218,274,22,236,90,12,33,306
2016-09-23,50,11,46,118,49,11,422,10,478
2016-09-24,34,15,53,24,58,15,15,14,138
2016-09-25,104,24,46,21,54,13,5,7,122
2016-09-26,37,17,66,40,57,11,15,15,187
2016-09-27,24,9,51,24,59,5,13,8,151
2016-09-28,17,20,46,36,70,11,12,23,178
2016-09-29,30,19,56,32,54,12,17,10,179
2016-09-30,20,20,108,18,63,8,14,7,141
2016-10-01,56,17,59,19,48,7,8,15,117
2016-10-02,72,14,42,31,51,10,23,9,129
2016-10-03,35,14,62,22,52,11,16,17,149
2016-10-04,43,7,54,31,56,7,14,7,154
2016-10-05,42,14,57,38,46,4,8,13,164
2016-10-06,32,18,57,27,56,6,12,15,126
2016-10-07,76,23,62,45,39,10,11,17,154
2016-10-08,23,15,42,30,47,12,14,14,156
2016-10-09,35,17,51,26,46,8,17,9,280
2016-10-10,106,22,66,48,67,11,19,11,168
2016-10-11,34,11,71,43,41,6,14,13,195
2016-10-12,72,17,67,43,51,10,16,11,191
2016-10-13,26,21,157,39,40,5,13,13,186
2016-10-14,9,36,132,20,33,7,11,13,144
2016-10-15,56,25,82,28,49,10,12,15,123
2016-10-16,51,20,65,30,69,7,10,9,129
2016-10-17,36,16,126,22,54,8,15,15,181
2016-10-18,33,29,67,33,63,13,14,16,190
2016-10-19,98,17,79,31,74,8,13,9,167
2016-10-20,7947,22,56,43,63,10,16,10,213
2016-10-21,128,17,58,28,55,10,9,13,164
2016-10-22,22,15,608,30,48,7,5,11,144
2016-10-23,19,48,221,22,45,3,19,10,129
2016-10-24,17,22,77,27,48,8,10,12,199
2016-10-25,38,28,59,38,59,10,19,18,169
2016-10-26,24,23,69,30,57,11,11,11,170
2016-10-27,39,24,58,40,51,6,8,12,141
2016-10-28,34,25,48,18,54,14,21,20,173
2016-10-29,17,12,55,23,38,6,8,11,146
2016-10-30,12,17,45,18,64,9,11,18,139
2016-10-31,16,14,31,25,53,7,23,11,170
2016-11-01,17,43,59,32,55,10,15,12,163
2016-11-02,11,198,46,30,57,15,10,9,156
2016-11-03,8,18,43,20,50,8,13,15,211
2016-11-04,11,16,42,30,42,10,36,11,178
2016-11-05,8,20,29,28,40,7,7,10,109
2016-11-06,6,13,39,29,49,6,5,19,146
2016-11-07,13,13,47,42,53,8,13,16,195
2016-11-08,17,23,64,42,63,17,18,19,177
2016-11-09,12,13,47,31,45,11,12,14,140
2016-11-10,10,15,55,19,56,9,11,10,132
2016-11-11,6,21,42,30,39,8,17,13,115
2016-11-12,10,11,35,20,62,7,5,10,153
2016-11-13,32,17,53,32,44,8,11,12,149
2016-11-14,22,14,61,29,47,10,20,18,151
2016-11-15,6,16,66,31,61,10,17,13,212
2016-11-16,11,18,71,19,48,8,7,12,166
2016-11-17,12,17,65,26,40,5,9,14,192
2016-11-18,5,11,50,36,48,8,14,13,201
2016-11-19,13,13,37,25,40,10,16,19,140
2016-11-20,11,11,45,28,47,6,8,14,155
2016-11-21,27,8,53,19,39,7,6,11,195
2016-11-22,15,17,63,29,57,8,11,11,166
2016-11-23,27,9,54,10,32,3,18,15,157
2016-11-24,9,17,38,25,43,7,13,13,122
2016-11-25,26,21,43,44,58,6,11,11,134
2016-11-26,23,17,37,33,43,11,18,14,150
2016-11-27,12,16,45,22,69,8,15,15,163
2016-11-28,15,23,55,33,61,7,15,15,201
2016-11-29,20,26,56,25,61,12,17,19,199
2016-11-30,11,15,44,45,43,7,16,9,199
2016-12-01,17,17,30,20,47,12,13,18,171
2016-12-02,16,30,57,27,48,7,13,16,174
2016-12-03,13,16,47,38,50,9,15,16,128
2016-12-04,13,19,49,22,64,16,17,21,133
2016-12-05,8,21,54,31,55,12,15,17,180
2016-12-06,14,18,60,46,64,11,11,14,186
2016-12-07,12,14,64,41,42,5,7,13,197
2016-12-08,4,22,53,42,67,11,13,13,204
2016-12-09,18,23,59,28,64,15,16,23,188
2016-12-10,16,19,61,25,41,11,14,49,149
2016-12-11,6,9,76,32,31,8,11,19,136
2016-12-12,9,19,58,33,50,17,15,24,215
2016-12-13,12,14,43,31,53,6,15,16,182
2016-12-14,16,18,51,19,44,10,14,10,160
2016-12-15,9,18,64,36,46,9,12,8,148
2016-12-16,13,17,67,39,40,13,23,28,134
2016-12-17,17,20,67,20,38,15,15,17,125
2016-12-18,50,14,49,25,38,10,20,12,185
2016-12-19,16,33,52,46,37,10,11,13,169
2016-12-20,9,123,54,28,39,6,11,10,149
2016-12-21,18,19,67,46,37,8,16,12,148
2016-12-22,13,16,100,25,46,10,13,19,174
2016-12-23,32,11,48,21,43,9,12,13,135
2016-12-24,26,6,40,15,30,5,9,8,121
2016-12-25,30,14,41,15,45,7,9,17,643
2016-12-26,99,510,40,275,548,88,416,6,142
2016-12-27,86,11,49,23,36,8,7,56,149
2016-12-28,91,9,38,32,42,7,11,18,147
2016-12-29,143,527,46,36,46,13,15,14,130
2016-12-30,95,6,32,18,42,4,15,7,149
2016-12-31,89,7,43,14,28,3,5,6,137
2017-01-01,81,6,29,14,37,5,11,9,144
2017-01-02,96,9,42,22,56,3,8,11,184
2017-01-03,83,11,59,28,41,7,7,10,249
2017-01-04,113,11,48,27,43,4,10,5,213
2017-01-05,137,21,52,129,79,12,18,16,199
2017-01-06,108,17,43,141,46,9,11,20,298
2017-01-07,130,13,46,38,63,6,13,11,236
2017-01-08,98,17,58,39,46,8,13,15,221
2017-01-09,103,12,43,18,46,2,13,9,240
2017-01-10,97,15,53,23,54,6,15,11,255
2017-01-11,87,8,41,25,48,5,9,14,324
2017-01-12,114,15,57,35,46,9,18,20,241
2017-01-13,108,27,42,54,32,3,4,4,223
2017-01-14,87,41,33,26,36,8,8,9,215
2017-01-15,153,53,48,35,46,6,12,12,200
2017-01-16,101,59,69,38,54,13,31,16,240
2017-01-17,106,59,74,37,49,8,23,16,211
2017-01-18,93,82,64,19,34,3,8,16,367
2017-01-19,120,46,70,38,44,10,17,18,211
2017-01-20,96,25,58,54,49,4,7,14,177
2017-01-21,103,17,66,34,43,10,11,12,180
2017-01-22,100,13,47,57,66,15,11,20,185
2017-01-23,88,21,59,48,58,15,22,23,218
2017-01-24,114,36,48,38,50,18,21,11,233
2017-01-25,108,22,56,44,46,4,20,11,192
2017-01-26,104,27,46,39,46,12,17,38,190
2017-01-27,94,7,38,37,48,10,21,21,230
2017-01-28,87,16,35,38,49,11,14,26,324
2017-01-29,84,12,59,45,47,9,14,22,214
2017-01-30,102,18,45,31,55,15,11,16,273
2017-01-31,108,13,63,43,56,8,19,15,271
2017-02-01,106,25,67,72,89,23,24,40,213
2017-02-02,85,13,35,60,222,7,7,29,242
2017-02-03,94,13,48,48,130,4,5,15,218
2017-02-04,64,21,48,38,71,13,16,19,182
2017-02-05,264,59,60,53,56,17,32,26,293
2017-02-06,24290,236,51,65,62,22,37,24,279
2017-02-07,4548,25846,239,50,74,16,20,26,248
2017-02-08,2384,4244,32713,239,74,32,28,22,259
2017-02-09,1525,2346,7214,58435,200,20,27,30,261
2017-02-10,206,1566,4238,9720,34950,148,18,15,245
2017-02-11,158,273,2623,5451,4700,21392,215,24,175
2017-02-12,150,212,462,4979,2939,11841,26357,265,181
2017-02-13,111,156,349,756,2426,2875,4799,40846,396
2017-02-14,75,112,230,478,389,1646,2415,6104,41486
2017-02-15,64,122,241,438,282,206,2444,3800,6402
2017-02-16,64,82,200,360,237,134,262,2553,2963
2017-02-17,51,106,194,351,178,105,148,496,2076
2017-02-18,59,90,134,267,170,78,155,400,547
2017-02-19,50,63,140,252,167,81,125,298,403
2017-02-20,65,61,121,189,142,62,89,238,398
2017-02-21,33,67,138,161,135,47,75,349,555
2017-02-22,51,9596,104,138,130,47,62,218,512
2017-02-23,61,41,110,117,112,40,72,142,586
2017-02-24,54,25011,96,111,95,38,65,113,399
2017-02-25,41,56,83,119,97,23,64,107,308
2017-02-26,48,49,108,101,101,40,55,134,298
2017-02-27,49,39,83,99,88,41,47,88,291
2017-02-28,56,37220,87,107,97,26,45,86,345
2017-03-01,52,19256,103,91,86,30,32,72,265
2017-03-02,34,19806,80,101,66,31,31,60,280
2017-03-03,22,48,67,69,72,26,28,46,274
2017-03-04,24,47,56,76,83,28,29,64,199
2017-03-05,19,31,58,73,70,28,46,54,197
2017-03-06,19,31,62,63,87,32,39,59,236
2017-03-07,33,44,98,65,81,27,36,60,234
2017-03-08,36,47,87,103,68,37,36,33,219
2017-03-09,26,40,81,73,76,27,29,52,230
2017-03-10,25,32,63,66,89,25,33,56,220
2017-03-11,20,34,68,77,59,21,29,57,198
2017-03-12,23,27,55,189,330,15,23,53,193
2017-03-13,23,28,83,48,66,18,76,38,201
2017-03-14,29,38,51,45,99,16,23,49,184
2017-03-15,19,30,68,50,79,20,20,37,232
2017-03-16,26,27,60,50,55,11,18,32,195
2017-03-17,29,34,54,43,68,9,36,30,162
2017-03-18,18,28,38,48,47,16,24,35,154
2017-03-19,14,32,50,56,62,10,20,39,198
2017-03-20,13,23,45,41,68,8,22,28,186
2017-03-21,21,31,53,56,68,9,19,22,191
2017-03-22,18,25,62,28,76,16,22,149,199
2017-03-23,41,34,78,58,74,26,41,31,202
2017-03-24,17,38,62,36,69,18,23,37,191
2017-03-25,31,35,69,46,71,22,27,39,191
2017-03-26,20,23,59,42,71,6,12,39,157
2017-03-27,24,28,64,43,117,11,36,35,166
2017-03-28,14,21,65,39,63,15,7,30,190
2017-03-29,14,24,58,38,67,14,17,32,159
2017-03-30,21,32,80,44,78,13,29,28,177
2017-03-31,16,21,50,55,67,13,24,19,180
2017-04-01,14,26,49,31,62,18,31,27,128
2017-04-02,21,29,61,50,79,16,23,25,151
2017-04-03,9,17,77,34,78,13,13,16,191
2017-04-04,14,16,47,39,58,9,18,21,145
2017-04-05,15,17,54,36,82,3,16,24,199
2017-04-06,20,29,62,37,57,12,24,26,160
2017-04-07,17,18,58,64,59,11,23,24,170
2017-04-08,21,18,45,53,57,12,21,20,162
2017-04-09,17,19,52,40,66,9,18,19,177
2017-04-10,26,29,74,42,71,18,20,31,156
2017-04-11,9,16,51,52,63,9,22,19,197
2017-04-12,19,33,67,38,71,13,19,24,163
2017-04-13,20,23,42,45,66,10,26,16,159
2017-04-14,28,20,52,37,44,9,17,19,177
2017-04-15,22,18,39,41,46,7,23,24,141
2017-04-16,13,27,45,43,81,16,27,19,173
2017-04-17,21,29,56,46,79,7,17,10,198
2017-04-18,13,22,49,52,71,12,21,24,215
2017-04-19,21,17,66,48,63,6,20,15,225
2017-04-20,19,26,58,46,67,15,21,25,237
2017-04-21,13,22,77,43,81,10,14,14,208
2017-04-22,17,22,46,28,86,14,30,29,164
2017-04-23,21,22,59,23,78,10,20,13,155
2017-04-24,12,19,59,38,63,6,23,17,212
2017-04-25,14,23,60,36,81,11,19,16,159
2017-04-26,14,29,93,33,81,7,10,19,200
2017-04-27,27,29,60,44,77,16,22,19,210
2017-04-28,12,23,35,37,67,11,16,18,154
2017-04-29,6,18,34,35,57,12,15,20,132
2017-04-30,19,24,47,32,65,7,9,26,160
2017-05-01,21,17,58,61,72,11,8,12,192
2017-05-02,20,28,43,49,68,12,21,20,324
2017-05-03,28,26,56,46,65,12,14,29,1277
2017-05-04,19,12,66,43,76,6,18,16,865
2017-05-05,21,30,47,46,89,10,18,15,466
2017-05-06,17,23,57,39,63,16,25,21,358
2017-05-07,14,15,36,27,70,7,16,14,385
2017-05-08,23,25,65,31,88,12,22,27,338
2017-05-09,20,11,36,34,79,1,13,15,241
2017-05-10,15,12,48,36,62,9,14,14,241
2017-05-11,17,20,47,33,71,9,15,20,242
2017-05-12,13,22,52,60,76,15,14,18,229
2017-05-13,11,24,41,29,46,7,17,11,187
2017-05-14,24,12,54,29,77,7,8,21,182
2017-05-15,21,21,55,84,99,12,18,22,245
2017-05-16,13,17,64,44,80,11,20,19,265
2017-05-17,25,18,50,45,82,11,17,25,180
2017-05-18,25,23,50,24,86,10,24,30,188
2017-05-19,16,22,48,24,80,9,20,19,173
2017-05-20,20,22,53,29,57,16,26,19,170
2017-05-21,23,30,60,38,76,18,31,32,362
2017-05-22,20,34,51,34,73,10,16,17,185
2017-05-23,34,33,57,36,98,14,21,21,375
2017-05-24,19,18,66,27,85,6,15,11,251
2017-05-25,16,19,69,72,71,7,19,17,176
2017-05-26,44,27,68,25,82,13,17,19,170
2017-05-27,34,10,105,32,108,9,16,15,134
2017-05-28,10,23,51,30,72,6,10,13,151
2017-05-29,22,27,46,32,95,10,19,12,272
2017-05-30,29,21,77,33,88,14,23,24,215
2017-05-31,20,36,52,27,84,11,17,15,163
2017-06-01,17,26,68,24,60,14,43,28,137
2017-06-02,23,20,44,32,66,8,15,13,158
2017-06-03,14,15,44,29,65,6,10,16,161
2017-06-04,22,25,68,24,85,6,13,16,200
2017-06-05,15,25,59,26,62,11,21,21,235
2017-06-06,45,33,59,28,76,13,17,27,187
2017-06-07,28,20,71,39,97,18,25,14,201
2017-06-08,21,20,53,32,73,11,19,23,243
2017-06-09,17,15,44,33,60,12,16,18,233
2017-06-10,16,10,49,21,71,5,10,21,206
2017-06-11,11,24,50,41,69,10,27,16,180
2017-06-12,18,19,97,31,80,11,21,19,196
2017-06-13,23,31,65,43,92,18,20,32,176
2017-06-14,19,21,75,33,83,11,18,24,185
2017-06-15,16,39,82,30,99,13,18,25,165
2017-06-16,14,16,64,36,91,5,6,19,148
2017-06-17,21,21,59,38,70,15,19,16,110
2017-06-18,13,18,52,30,89,8,11,22,141
2017-06-19,9,20,44,25,114,10,8,22,163
2017-06-20,9,19,69,29,105,8,7,24,194
2017-06-21,12,20,53,27,69,6,12,11,182
2017-06-22,16,30,62,35,73,12,15,24,132
2017-06-23,15,22,63,25,80,8,15,17,146
2017-06-24,7,14,41,23,51,8,22,20,112
2017-06-25,9,30,52,36,64,12,13,20,130
2017-06-26,14,19,46,33,71,5,11,23,151
2017-06-27,12,11,56,25,109,4,12,21,140
2017-06-28,17,27,69,22,77,13,19,29,172
2017-06-29,9,24,63,29,67,7,11,18,139
2017-06-30,12,14,44,34,64,11,11,13,153
2017-07-01,21,15,43,39,68,16,13,11,122
2017-07-02,8,12,36,31,79,6,13,13,131
2017-07-03,12,16,66,30,123,7,17,24,155
2017-07-04,9,21,47,33,83,5,13,34,129
2017-07-05,12,21,47,30,63,11,9,20,132
2017-07-06,9,26,41,41,82,10,17,21,188
2017-07-07,10,27,38,39,80,7,15,21,140
2017-07-08,10,14,36,26,89,7,9,14,156
2017-07-09,7,19,25,27,90,9,14,29,128
2017-07-10,21,18,43,26,82,12,16,25,182
2017-07-11,8,16,40,18,85,11,12,20,136
2017-07-12,15,15,46,34,65,9,15,16,167
2017-07-13,14,12,44,28,63,8,7,18,164
2017-07-14,5,17,35,30,69,5,6,11,155
2017-07-15,14,22,36,29,70,11,22,16,150
2017-07-16,13,16,35,30,77,6,15,20,137
2017-07-17,18,16,31,25,92,6,10,12,187
2017-07-18,15,25,45,25,87,23,11,17,164
2017-07-19,18,22,47,31,87,13,16,15,171
2017-07-20,15,17,26,42,72,6,13,21,163
2017-07-21,13,17,43,31,92,8,11,18,163
2017-07-22,11,16,39,18,80,8,8,8,148
2017-07-23,9,13,42,41,85,13,16,19,162
2017-07-24,6,17,30,45,91,11,15,15,163
2017-07-25,11,10,39,29,72,5,14,17,125
2017-07-26,14,29,50,33,65,15,21,18,145
2017-07-27,11,13,40,29,59,8,19,15,154
2017-07-28,15,17,41,23,53,12,23,12,143
2017-07-29,9,18,25,20,68,5,261,7,108
2017-07-30,5,21,39,37,78,4,32,15,131
2017-07-31,7,37,49,26,91,14,29,11,163
2017-08-01,18,19,50,40,79,17,26,21,156
2017-08-02,12,25,28,28,72,9,19,20,157
2017-08-03,18,18,46,41,68,31,18,21,145
2017-08-04,15,22,41,21,75,13,21,21,133
2017-08-05,176,25,40,32,79,15,21,22,159
2017-08-06,17,21,56,27,82,12,188,20,146
2017-08-07,35,25,42,38,90,10,18,14,123
2017-08-08,25,14,51,19,81,8,16,15,176
2017-08-09,15,19,44,25,70,9,14,19,258
2017-08-10,15,17,55,27,52,10,13,13,411
2017-08-11,13,19,43,28,65,10,20,29,337
2017-08-12,14,16,46,23,82,17,30,11,208
2017-08-13,11,12,45,26,64,6,19,9,204
2017-08-14,15,19,50,36,81,13,19,15,225
2017-08-15,42,39,51,26,62,12,19,16,198
2017-08-16,19,15,40,25,73,13,16,20,206
2017-08-17,13,14,26,16,55,6,8,10,176
2017-08-18,24,19,55,33,66,14,11,13,197
2017-08-19,11,9,35,28,60,5,13,11,140
2017-08-20,15,21,55,30,77,7,22,15,148
2017-08-21,10,12,55,30,74,5,7,6,158
2017-08-22,12,13,52,30,64,10,8,13,164
2017-08-23,10,16,47,43,84,4,12,12,162
2017-08-24,19,25,52,36,60,18,27,19,206
2017-08-25,12,11,52,33,63,6,19,14,191
2017-08-26,11,9,40,15,40,4,7,8,139
2017-08-27,16,12,52,40,58,8,17,12,152
2017-08-28,7,13,60,21,53,21,11,19,176
2017-08-29,5,15,52,25,71,2,7,11,171
2017-08-30,9,13,56,30,58,10,14,21,158
2017-08-31,19,17,71,56,71,16,12,11,158
2017-09-01,14,14,44,25,48,7,18,10,186
2017-09-02,16,19,34,27,59,10,9,12,179
2017-09-03,13,15,43,15,60,5,13,8,136
2017-09-04,15,22,33,33,68,12,17,14,149
2017-09-05,11,13,53,29,46,7,10,20,184
2017-09-06,9,15,53,29,80,7,10,10,187
2017-09-07,10,15,51,36,56,11,13,11,193
2017-09-08,8,8,58,29,61,3,8,13,155
2017-09-09,13,8,50,26,42,6,13,6,151
2017-09-10,7,16,44,28,71,6,19,12,168
2017-09-11,10,15,55,34,58,8,14,13,214
2017-09-12,8,12,38,15,58,7,9,16,196
2017-09-13,6,14,33,23,55,6,21,23,167
2017-09-14,19,19,51,30,56,21,17,20,170
2017-09-15,11,24,45,40,76,11,13,17,167
2017-09-16,9,16,45,16,64,7,8,13,127
2017-09-17,4,5,41,21,83,2,7,5,165
2017-09-18,17,10,81,21,80,7,16,19,209
2017-09-19,22,16,52,35,57,10,14,29,171
2017-09-20,10,12,29,26,42,9,14,66,157
2017-09-21,10,15,22,33,72,6,12,9,204
2017-09-22,11,12,51,46,69,13,19,17,183
2017-09-23,17,19,326,33,46,15,11,18,149
2017-09-24,6,14,194,19,76,6,10,14,152
2017-09-25,13,19,76,30,66,7,9,20,176
2017-09-26,18,19,80,34,58,15,13,21,198
2017-09-27,15,19,65,26,45,6,12,12,269
2017-09-28,6,11,64,21,44,7,12,12,163
2017-09-29,14,16,41,32,50,10,15,15,178
2017-09-30,10,12,43,24,54,8,11,8,148
2017-10-01,17,11,52,15,53,1,17,6,143
2017-10-02,13,25,54,30,59,9,21,20,173
2017-10-03,5,8,65,30,107,7,15,12,169
2017-10-04,11,14,60,26,36,8,15,12,185
2017-10-05,8,12,95,39,62,13,15,10,175
2017-10-06,12,18,75,34,68,15,23,15,164
2017-10-07,13,19,75,27,43,9,16,17,131
2017-10-08,6,20,64,20,48,7,14,11,135
2017-10-09,13,17,69,24,53,9,22,18,173
2017-10-10,4,13,61,27,47,4,15,9,191
2017-10-11,12,14,62,51,59,8,15,18,166
2017-10-12,9,13,72,39,60,12,15,18,234
2017-10-13,13,18,58,34,41,10,21,22,162
2017-10-14,15,13,47,26,48,10,11,21,130
2017-10-15,15,18,52,33,60,13,31,22,172
2017-10-16,4,6,36,29,55,3,5,14,186
2017-10-17,23,22,72,32,58,15,29,20,199
2017-10-18,20,16,54,30,45,10,12,14,186
2017-10-19,14,24,44,39,56,9,10,23,204
2017-10-20,20,16,47,32,37,11,8,19,182
2017-10-21,9,16,49,33,39,10,9,12,160
2017-10-22,11,20,69,25,62,6,9,12,188
2017-10-23,16,16,54,18,49,4,12,19,192
2017-10-24,11,106,67,37,58,9,10,21,201
2017-10-25,12,21,68,33,52,10,16,20,190
2017-10-26,12,26,62,32,56,5,12,9,166
2017-10-27,9,20,49,26,46,3,13,6,152
2017-10-28,71,27,46,33,51,13,15,12,156
2017-10-29,16,20,52,26,58,11,14,38,157
2017-10-30,8,20,50,24,51,5,15,16,190
2017-10-31,17,17,66,31,41,9,10,14,185
2017-11-01,10,16,72,32,45,9,14,15,163
2017-11-02,12,10,48,33,38,3,6,7,163
2017-11-03,24,14,45,40,43,7,12,18,174
2017-11-04,55,13,60,18,41,3,9,9,176
2017-11-05,24,17,53,21,55,7,6,18,152
2017-11-06,18,17,45,33,43,6,17,11,182
2017-11-07,15,22,44,34,45,9,8,18,220
2017-11-08,16,21,26,27,46,6,10,13,205
2017-11-09,17,20,52,40,59,7,13,14,210
2017-11-10,12,11,54,29,50,3,7,6,165
2017-11-11,11,12,40,32,52,9,16,12,139
2017-11-12,18,13,35,31,61,7,11,20,579
2017-11-13,19,12,72,37,45,14,16,19,218
2017-11-14,14,19,50,27,48,8,16,13,183
2017-11-15,12,15,60,42,47,6,15,9,259
2017-11-16,23,19,48,38,55,14,11,20,242
2017-11-17,17,14,79,21,44,13,14,21,208
2017-11-18,12,11,28,19,39,6,8,14,146
2017-11-19,21,10,70,26,47,5,9,20,177
2017-11-20,21,16,59,39,41,9,6,15,183
2017-11-21,19,19,73,30,49,10,17,16,203
2017-11-22,22,16,60,25,45,6,16,8,157
2017-11-23,15,10,45,31,49,11,23,18,153
2017-11-24,12,13,48,24,45,8,18,14,162
2017-11-25,16,15,45,28,42,12,25,25,177
2017-11-26,40,15,63,24,56,8,7,15,156
2017-11-27,23,18,94,35,55,9,21,30,174
2017-11-28,20,25,78,33,59,14,18,25,203
2017-11-29,7,20,61,26,43,4,19,9,177
2017-11-30,19,14,45,26,44,5,15,15,227
2017-12-01,21,15,52,41,48,10,15,22,199
2017-12-02,13,14,34,35,42,13,15,21,151
2017-12-03,10,10,48,35,38,4,11,14,172
2017-12-04,16,13,55,21,54,6,23,13,228
2017-12-05,15,9,49,39,62,4,15,26,224
2017-12-06,12,9,56,38,43,7,8,15,188
2017-12-07,14,13,82,41,49,6,15,19,208
2017-12-08,10,11,53,22,45,13,20,9,660
2017-12-09,27,20,32,34,52,17,19,19,188
2017-12-10,27,16,45,32,64,14,19,22,189
2017-12-11,28,15,56,42,56,19,24,24,244
2017-12-12,22,20,45,29,55,20,18,20,173
2017-12-13,15,21,53,29,68,10,18,13,193
2017-12-14,23,23,49,39,40,9,25,20,185
2017-12-15,28,16,36,47,54,9,18,20,200
2017-12-16,21,14,50,38,41,14,26,19,148
2017-12-17,26,17,48,30,42,18,21,23,154
2017-12-18,19,18,112,37,48,8,20,25,183
2017-12-19,15,10,50,29,69,13,17,17,188
2017-12-20,17,17,38,31,53,13,14,15,155
2017-12-21,16,10,63,17,51,4,12,15,242
2017-12-22,37,5,37,36,34,4,14,10,120
2017-12-23,23,10,37,39,46,6,14,14,144
2017-12-24,19,9,24,22,40,3,15,4,122
2017-12-25,31,17,39,24,73,13,14,14,100
2017-12-26,11,7,33,29,90,5,29,21,146
2017-12-27,14,19,57,39,46,14,15,16,165
2017-12-28,12,22,48,23,64,9,21,14,207
2017-12-29,19,109,40,30,40,9,28,12,169
2017-12-30,17,23,77,23,53,7,11,5,144
2017-12-31,18,23,51,33,366,14,16,16,175
2018-01-01,41,14,51,43,30,8,12,9,157
2018-01-02,192,15,51,34,42,12,13,16,196
2018-01-03,81,15,42,49,61,10,17,23,191
2018-01-04,31,13,56,44,52,3,14,5,178
2018-01-05,17,25,62,28,47,5,13,16,203
2018-01-06,15,22,62,39,49,7,29,13,184
2018-01-07,31,17,42,32,41,10,15,17,171
2018-01-08,26,15,47,47,60,4,16,18,235
2018-01-09,15,14,53,25,59,8,11,11,223
2018-01-10,15,17,38,34,44,9,12,18,168
2018-01-11,24,20,51,26,69,6,15,18,200
2018-01-12,21,15,37,34,42,12,13,10,160
2018-01-13,44,17,43,30,40,6,11,10,173
2018-01-14,32,20,44,46,41,19,15,24,163
2018-01-15,31,19,49,40,50,9,9,15,189
2018-01-16,36,14,63,35,56,5,18,15,199
2018-01-17,38,18,53,40,59,8,12,20,187
2018-01-18,31,24,29,28,57,9,14,15,266
2018-01-19,33,15,31,23,53,8,13,18,205
2018-01-20,22,10,45,25,60,6,8,14,150
2018-01-21,18,14,35,40,46,6,8,12,177
2018-01-22,23,13,34,31,61,9,9,14,195
2018-01-23,19,11,52,40,62,7,10,11,215
2018-01-24,12,9,72,24,54,3,8,11,179
2018-01-25,19,16,41,42,40,6,11,13,181
2018-01-26,9,11,50,23,65,6,19,12,152
2018-01-27,15,5,44,29,37,6,1,13,150
2018-01-28,18,15,49,28,55,5,12,13,165
2018-01-29,19,14,71,40,61,6,17,13,178
2018-01-30,20,16,46,35,60,6,7,13,180
2018-01-31,30,10,42,29,46,6,17,11,183
2018-02-01,31,13,73,31,61,5,10,13,197
2018-02-02,53,18,49,30,240,10,14,14,170
2018-02-03,19,14,35,32,137,7,8,17,139
2018-02-04,24,17,41,37,99,6,10,12,170
2018-02-05,19,13,45,30,58,7,9,10,179
2018-02-06,23,12,45,33,57,12,17,19,167
2018-02-07,70,9,37,40,59,7,9,18,172
2018-02-08,22,12,54,48,61,10,13,28,178
2018-02-09,19,18,47,10516,62,10,8,14,188
2018-02-10,41,12,36,177,59,5,17,15,172
2018-02-11,36,16,46,49,47,9,11,20,177
2018-02-12,26,14,43,57,63,7,34,10,210
2018-02-13,28,8,49,45,40,6,12,12,204
2018-02-14,37,8,45,29,66,5,9,6,187
2018-02-15,74,23,59,35,61,8,11,36,185
2018-02-16,34,13,70,39,42,6,13,14,162
2018-02-17,31,14,45,30,57,6,11,14,161
2018-02-18,50,15,65,36,66,5,11,7,157
2018-02-19,51,15,176,33,58,13,10,15,171
2018-02-20,37,16,209,37,59,22,12,12,201
2018-02-21,31,13,180,41,53,13,14,20,208
2018-02-22,37,24,233,51,84,13,20,31,202
2018-02-23,25,17,212,30,61,10,7,11,174
2018-02-24,28,23,136,27,43,7,16,19,209
2018-02-25,37,42,168,34,61,22,24,29,198
2018-02-26,29,20,138,46,39,8,17,15,201
2018-02-27,30,13,165,37,56,12,12,21,207
2018-02-28,35,11,217,39,64,6,7,8,185
2018-03-01,27,14,215,27,63,7,9,14,175
2018-03-02,32,17,352,44,85,10,17,14,224
2018-03-03,37,14,189,28,47,8,17,20,167
2018-03-04,25,13,160,42,74,14,12,18,186
2018-03-05,31,16,117,34,62,4,7,8,182
2018-03-06,35,13,91,27,63,9,8,17,659
2018-03-07,41,18,90,31,58,7,7,11,211
2018-03-08,32,24,65,34,51,11,6,14,193
2018-03-09,29,22,59,31,41,8,17,17,183
2018-03-10,36,13,59,23,46,4,14,33,146
2018-03-11,35,18,62,13,54,3,8,9,175
2018-03-12,27,27,61,38,107,9,9,18,197
2018-03-13,27,17,73,33,81,5,16,12,212
2018-03-14,30,21,47,30,64,6,12,7,197
2018-03-15,28,25,66,32,70,10,13,11,199
2018-03-16,44,8,52,32,51,8,11,18,153
2018-03-17,70,9,45,23,64,7,16,12,150
2018-03-18,222,8,34,20,57,2,6,10,158
2018-03-19,169,17,52,29,77,15,7,14,219
2018-03-20,112,17,53,33,67,9,14,14,209
2018-03-21,59,15,54,39,66,11,15,15,253
2018-03-22,47,16,63,32,69,7,41,14,238
2018-03-23,42,14,53,38,53,11,10,14,196
2018-03-24,29,13,53,31,43,7,10,16,130
2018-03-25,49,6,41,45,47,5,10,13,142
2018-03-26,68,9,65,38,54,8,6,22,200
2018-03-27,48,13,38,27,56,8,13,14,217
2018-03-28,45,10,36,45,66,12,14,16,268
2018-03-29,59,8,25,43,50,5,11,13,229
2018-03-30,46,11,45,28,54,7,13,10,155
2018-03-31,49,13,43,24,52,6,4,10,162
2018-04-01,60,13,53,36,69,7,14,16,139
2018-04-02,46,19,49,36,55,10,18,13,199
2018-04-03,48,23,44,43,56,9,13,13,209
2018-04-04,34,15,44,46,61,10,13,12,224
2018-04-05,35,21,45,38,75,7,8,13,177
2018-04-06,32,16,46,37,55,19,17,13,161
2018-04-07,28,16,61,27,40,4,12,5,155
2018-04-08,41,13,62,33,40,5,9,18,129
2018-04-09,40,12,76,38,49,9,7,15,250
2018-04-10,42,13,60,38,50,9,8,15,184
2018-04-11,32,17,60,37,70,9,14,24,164
2018-04-12,43,26,83,39,90,18,18,21,208
2018-04-13,32,16,42,47,69,9,16,15,181
2018-04-14,36,26,38,37,65,12,16,15,153
2018-04-15,45,21,44,54,59,20,11,17,145
2018-04-16,32,18,38,35,65,10,8,13,194
2018-04-17,41,15,54,29,76,13,20,34,204
2018-04-18,27,9,36,20,50,5,14,37,220
2018-04-19,26,9,50,27,66,5,11,22,215
2018-04-20,25,12,46,34,70,10,7,16,190
2018-04-21,21,10,37,22,80,4,9,14,149
2018-04-22,31,17,58,24,70,8,16,14,164
2018-04-23,27,19,55,18,80,8,12,19,203
2018-04-24,22,11,65,22,58,6,5,12151,182
2018-04-25,32,13,49,59,65,7,16,318,193
2018-04-26,30,9,36,30,57,6,12,107,203
2018-04-27,21,16,47,29,39,7,8,80,169
2018-04-28,26,9,36,23,50,5,9,30,151
2018-04-29,25,12,39,27,49,5,12,28,163
2018-04-30,29,14,46,24,63,15,5,25,194
2018-05-01,26,12,52,30,63,6,13,22,172
2018-05-02,22,7,50,32,40,9,6,20,184
2018-05-03,30,20,51,28,71,12,11,25,218
2018-05-04,28,7,39,24,46,3,8,16,174
2018-05-05,30,14,42,33,55,4,5,23,129
2018-05-06,41,15,39,27,62,5,13,14,147
2018-05-07,38,20,40,24,73,9,8,19,182
2018-05-08,34,18,51,24,65,8,13,18,198
2018-05-09,35,12,37,31,61,8,8,18,236
2018-05-10,34,15,45,28,72,7,7,23,155
2018-05-11,23,12,36,31,85,11,6,22,182
2018-05-12,25,14,42,30,57,5,5,16,138
2018-05-13,31,14,60,32,55,10,7,18,176
2018-05-14,19,13,51,35,92,4,10,21,201
2018-05-15,25,16,56,29,88,4,7,19,151
2018-05-16,26,11,52,24,103,6,10,38,174
2018-05-17,23,13,53,23,54,4,7,20,150
2018-05-18,44,11,51,35,64,5,12,17,185
2018-05-19,33,14,30,30,55,8,10,20,139
2018-05-20,23,14,38,27,72,5,10,17,185
2018-05-21,30,24,45,31,81,9,19,19,168
2018-05-22,29,12,51,12,74,7,8,13,182
2018-05-23,38,27,66,32,78,14,17,26,203
2018-05-24,30,20,33,29,55,9,14,32,190
2018-05-25,23,8,47,30,66,6,6,18,170
2018-05-26,24,14,58,18,52,5,11,13,151
2018-05-27,27,16,44,25,53,14,6,8,152
2018-05-28,22,16,45,41,85,5,16,28,155
2018-05-29,23,23,41,32,66,12,8,14,197
2018-05-30,43,29,48,27,63,12,13,24,243
2018-05-31,22,16,34,32,87,8,5,16,169
2018-06-01,29,27,41,28,64,10,8,7,153
2018-06-02,20,14,41,23,68,6,11,15,156
2018-06-03,23,14,39,23,58,5,17,12,178
2018-06-04,21,16,44,24,80,8,16,12,169
2018-06-05,21,15,48,22,73,7,11,9,186
2018-06-06,23,15,49,23,72,7,11,26,204
2018-06-07,27,13,54,23,56,10,14,16,180
2018-06-08,33,23,54,34,75,13,11,20,225
2018-06-09,19,13,47,15,58,8,5,12,114
2018-06-10,24,14,52,17,76,2,12,12,143
2018-06-11,25,26,49,29,96,4,12,13,163
2018-06-12,27,19,52,22,88,4,6,7,147
2018-06-13,32,17,44,33,51,7,7,19,171
2018-06-14,0,0,0,0,0,0,0,0,0
2018-06-15,20,21,53,33,63,8,14,11,160
2018-06-16,19,8,42,19,58,5,5,7,166
2018-06-17,22,9,36,19,65,7,9,14,152
